"RK",TIERS,"PLAYER NAME",TEAM,"POS","BYE WEEK","SOS SEASON","ECR VS. ADP"
"1",1,"Christian McCaffrey",CAR,"RB1","13","3 out of 5 stars","+1"
"2",1,"Jonathan Taylor",IND,"RB2","14","3 out of 5 stars","-1"
"3",1,"Austin Ekeler",LAC,"RB3","8","2 out of 5 stars","0"
"4",2,"Dalvin Cook",MIN,"RB4","7","4 out of 5 stars","+4"
"5",2,"Justin Jefferson",MIN,"WR1","7","2 out of 5 stars","+1"
"6",2,"Cooper Kupp",LAR,"WR2","7","2 out of 5 stars","-2"
"7",2,"Najee Harris",PIT,"RB5","9","3 out of 5 stars","0"
"8",2,"Derrick Henry",TEN,"RB6","6","4 out of 5 stars","-3"
"9",2,"D'Andre Swift",DET,"RB7","6","4 out of 5 stars","+5"
"10",2,"Travis Kelce",KC,"TE1","8","3 out of 5 stars","+3"
"11",2,"Ja'Marr Chase",CIN,"WR3","10","3 out of 5 stars","-2"
"12",2,"Joe Mixon",CIN,"RB8","10","3 out of 5 stars","-2"
"13",3,"Stefon Diggs",BUF,"WR4","7","4 out of 5 stars","-1"
"14",3,"Davante Adams",LV,"WR5","6","2 out of 5 stars","-3"
"15",3,"Aaron Jones",GB,"RB9","14","3 out of 5 stars","+5"
"16",3,"Alvin Kamara",NO,"RB10","14","3 out of 5 stars","-1"
"17",3,"Saquon Barkley",NYG,"RB11","9","3 out of 5 stars","+7"
"18",3,"CeeDee Lamb",DAL,"WR6","9","3 out of 5 stars","0"
"19",3,"Mark Andrews",BAL,"TE2","10","2 out of 5 stars","+3"
"20",3,"Leonard Fournette",TB,"RB12","11","2 out of 5 stars","+5"
"21",4,"Mike Evans",TB,"WR7","11","4 out of 5 stars","+5"
"22",4,"Keenan Allen",LAC,"WR8","8","3 out of 5 stars","+5"
"23",4,"Tyreek Hill",MIA,"WR9","11","2 out of 5 stars","-4"
"24",4,"Javonte Williams",DEN,"RB13","9","3 out of 5 stars","-3"
"25",4,"Deebo Samuel",SF,"WR10","9","3 out of 5 stars","-9"
"26",4,"Michael Pittman Jr.",IND,"WR11","14","4 out of 5 stars","+11"
"27",4,"Nick Chubb",CLE,"RB14","9","3 out of 5 stars","-10"
"28",4,"A.J. Brown",PHI,"WR12","7","4 out of 5 stars","0"
"29",4,"Tee Higgins",CIN,"WR13","10","3 out of 5 stars","+3"
"30",4,"DJ Moore",CAR,"WR14","13","3 out of 5 stars","+12"
"31",4,"James Conner",ARI,"RB15","13","2 out of 5 stars","-1"
"32",4,"Ezekiel Elliott",DAL,"RB16","9","4 out of 5 stars","-3"
"33",4,"Kyle Pitts",ATL,"TE3","14","2 out of 5 stars","0"
"34",4,"Josh Allen",BUF,"QB1","7","3 out of 5 stars","-11"
"35",4,"Diontae Johnson",PIT,"WR15","9","4 out of 5 stars","+5"
"36",5,"Travis Etienne Jr.",JAC,"RB17","11","3 out of 5 stars","+7"
"37",5,"Breece Hall",NYJ,"RB18","10","4 out of 5 stars","+15"
"38",5,"Jaylen Waddle",MIA,"WR16","11","2 out of 5 stars","+1"
"39",5,"David Montgomery",CHI,"RB19","14","5 out of 5 stars","-5"
"40",5,"Terry McLaurin",WAS,"WR17","14","4 out of 5 stars","+1"
"41",5,"Cam Akers",LAR,"RB20","7","2 out of 5 stars","-5"
"42",5,"Mike Williams",LAC,"WR18","8","3 out of 5 stars","+8"
"43",5,"Justin Herbert",LAC,"QB2","8","3 out of 5 stars","-8"
"44",5,"Brandin Cooks",HOU,"WR19","6","3 out of 5 stars","+9"
"45",5,"Courtland Sutton",DEN,"WR20","9","4 out of 5 stars","+14"
"46",5,"Patrick Mahomes II",KC,"QB3","8","2 out of 5 stars","-15"
"47",5,"George Kittle",SF,"TE4","9","4 out of 5 stars","-9"
"48",5,"Allen Robinson II",LAR,"WR21","7","2 out of 5 stars","+21"
"49",5,"J.K. Dobbins",BAL,"RB21","10","4 out of 5 stars","+2"
"50",5,"DK Metcalf",SEA,"WR22","11","4 out of 5 stars","-3"
"51",5,"Lamar Jackson",BAL,"QB4","10","2 out of 5 stars","-3"
"52",6,"Darren Waller",LV,"TE5","6","2 out of 5 stars","-7"
"53",6,"AJ Dillon",GB,"RB22","14","3 out of 5 stars","+13"
"54",6,"Josh Jacobs",LV,"RB23","6","2 out of 5 stars","-8"
"55",6,"Elijah Mitchell",SF,"RB24","9","2 out of 5 stars","-6"
"56",6,"Michael Thomas",NO,"WR23","14","4 out of 5 stars","+19"
"57",6,"Marquise Brown",ARI,"WR24","13","2 out of 5 stars","+5"
"58",6,"Darnell Mooney",CHI,"WR25","14","3 out of 5 stars","+10"
"59",6,"Jerry Jeudy",DEN,"WR26","9","4 out of 5 stars","+2"
"60",6,"Amon-Ra St. Brown",DET,"WR27","6","3 out of 5 stars","+3"
"61",6,"Rashod Bateman",BAL,"WR28","10","3 out of 5 stars","+31"
"62",6,"Chase Edmonds",MIA,"RB25","11","4 out of 5 stars","+31"
"63",6,"Antonio Gibson",WAS,"RB26","14","4 out of 5 stars","-19"
"64",6,"Chris Godwin",TB,"WR29","11","4 out of 5 stars","-10"
"65",6,"Dalton Schultz",DAL,"TE6","9","3 out of 5 stars","-9"
"66",6,"Kyler Murray",ARI,"QB5","13","2 out of 5 stars","-11"
"67",6,"JuJu Smith-Schuster",KC,"WR30","8","2 out of 5 stars","+12"
"68",6,"Jalen Hurts",PHI,"QB6","7","4 out of 5 stars","-8"
"69",6,"Amari Cooper",CLE,"WR31","9","4 out of 5 stars","-12"
"70",6,"Clyde Edwards-Helaire",KC,"RB27","8","3 out of 5 stars","-5"
"71",6,"Kareem Hunt",CLE,"RB28","9","3 out of 5 stars","+12"
"72",6,"Miles Sanders",PHI,"RB29","7","3 out of 5 stars","-1"
"73",7,"Elijah Moore",NYJ,"WR32","10","1 out of 5 stars","+13"
"74",7,"Tony Pollard",DAL,"RB30","9","4 out of 5 stars","+10"
"75",7,"Joe Burrow",CIN,"QB7","10","2 out of 5 stars","-17"
"76",7,"Gabriel Davis",BUF,"WR33","7","4 out of 5 stars","-2"
"77",7,"Damien Harris",NE,"RB31","10","4 out of 5 stars","-7"
"78",7,"Adam Thielen",MIN,"WR34","7","2 out of 5 stars","-11"
"79",7,"T.J. Hockenson",DET,"TE7","6","4 out of 5 stars","-15"
"80",7,"Rashaad Penny",SEA,"RB32","11","2 out of 5 stars","+9"
"81",7,"Rhamondre Stevenson",NE,"RB33","10","4 out of 5 stars","+23"
"82",7,"Dallas Goedert",PHI,"TE8","7","2 out of 5 stars","-9"
"83",7,"Cordarrelle Patterson",ATL,"RB34","14","1 out of 5 stars","-7"
"84",7,"Devin Singletary",BUF,"RB35","7","4 out of 5 stars","-3"
"85",7,"Russell Wilson",DEN,"QB8","9","4 out of 5 stars","-5"
"86",7,"Tom Brady",TB,"QB9","11","3 out of 5 stars","-8"
"87",7,"Dak Prescott",DAL,"QB10","9","3 out of 5 stars","-15"
"88",7,"Melvin Gordon III",DEN,"RB36","9","3 out of 5 stars","+11"
"89",7,"DeVonta Smith",PHI,"WR35","7","4 out of 5 stars","-2"
"90",7,"Hunter Renfrow",LV,"WR36","6","2 out of 5 stars","-13"
"91",7,"Brandon Aiyuk",SF,"WR37","9","3 out of 5 stars","+3"
"92",7,"Drake London",ATL,"WR38","14","4 out of 5 stars","+3"
"93",7,"Zach Ertz",ARI,"TE9","13","3 out of 5 stars","-3"
"94",7,"Trey Lance",SF,"QB11","9","3 out of 5 stars","+4"
"95",7,"Ken Walker III",SEA,"RB37","11","2 out of 5 stars","+5"
"96",8,"Christian Kirk",JAC,"WR39","11","4 out of 5 stars","+6"
"97",8,"Tyler Lockett",SEA,"WR40","11","4 out of 5 stars","-9"
"98",8,"Allen Lazard",GB,"WR41","14","3 out of 5 stars","+10"
"99",8,"Matthew Stafford",LAR,"QB12","7","3 out of 5 stars","-8"
"100",8,"Robert Woods",TEN,"WR42","6","3 out of 5 stars","-3"
"101",8,"DeAndre Hopkins",ARI,"WR43","13","2 out of 5 stars","-16"
"102",8,"Aaron Rodgers",GB,"QB13","14","2 out of 5 stars","-20"
"103",8,"James Cook",BUF,"RB38","7","4 out of 5 stars","+12"
"104",8,"Kadarius Toney",NYG,"WR44","9","4 out of 5 stars","+10"
"105",8,"Dameon Pierce",HOU,"RB39","6","3 out of 5 stars","+19"
"106",8,"Pat Freiermuth",PIT,"TE10","9","4 out of 5 stars","+5"
"107",8,"Michael Carter",NYJ,"RB40","10","4 out of 5 stars","-1"
"108",8,"Nyheim Hines",IND,"RB41","14","3 out of 5 stars","+26"
"109",8,"Cole Kmet",CHI,"TE11","14","5 out of 5 stars","+20"
"110",8,"Dawson Knox",BUF,"TE12","7","3 out of 5 stars","-14"
"111",8,"Kirk Cousins",MIN,"QB14","7","3 out of 5 stars","+5"
"112",8,"Darrell Henderson Jr.",LAR,"RB42","7","2 out of 5 stars","+16"
"113",8,"Derek Carr",LV,"QB15","6","2 out of 5 stars","-6"
"114",8,"Chase Claypool",PIT,"WR45","9","4 out of 5 stars","-11"
"115",8,"Treylon Burks",TEN,"WR46","6","3 out of 5 stars","-2"
"116",8,"Chris Olave",NO,"WR47","14","4 out of 5 stars","-4"
"117",8,"Alexander Mattison",MIN,"RB43","7","4 out of 5 stars","+2"
"118",8,"James Robinson",JAC,"RB44","11","3 out of 5 stars","-9"
"119",8,"Jakobi Meyers",NE,"WR48","10","4 out of 5 stars","+22"
"120",8,"Tyler Boyd",CIN,"WR49","10","3 out of 5 stars","+1"
"121",8,"Kenneth Gainwell",PHI,"RB45","7","3 out of 5 stars","+43"
"122",8,"Russell Gage",TB,"WR50","11","4 out of 5 stars","-2"
"123",8,"Garrett Wilson",NYJ,"WR51","10","1 out of 5 stars","-5"
"124",8,"J.D. McKissic",WAS,"RB46","14","4 out of 5 stars","+19"
"125",8,"Skyy Moore",KC,"WR52","8","2 out of 5 stars","+8"
"126",9,"Mike Gesicki",MIA,"TE13","11","3 out of 5 stars","-16"
"127",9,"Hunter Henry",NE,"TE14","10","4 out of 5 stars","+18"
"128",9,"Tua Tagovailoa",MIA,"QB16","11","2 out of 5 stars","+4"
"129",9,"Jarvis Landry",NO,"WR53","14","4 out of 5 stars","+17"
"130",9,"DeVante Parker",NE,"WR54","10","4 out of 5 stars","+18"
"131",9,"Marquez Valdes-Scantling",KC,"WR55","8","2 out of 5 stars","+9"
"132",9,"Justin Fields",CHI,"QB17","14","4 out of 5 stars","+3"
"133",9,"Rondale Moore",ARI,"WR56","13","2 out of 5 stars","+28"
"134",9,"Jamaal Williams",DET,"RB47","6","4 out of 5 stars","+26"
"135",9,"Noah Fant",SEA,"TE15","11","2 out of 5 stars","+20"
"136",9,"Isaiah Spiller",LAC,"RB48","8","2 out of 5 stars","+21"
"137",9,"Irv Smith Jr.",MIN,"TE16","7","3 out of 5 stars","+19"
"138",9,"Kenny Golladay",NYG,"WR57","9","4 out of 5 stars","+16"
"139",9,"Khalil Herbert",CHI,"RB49","14","5 out of 5 stars","+41"
"140",9,"DJ Chark Jr.",DET,"WR58","6","3 out of 5 stars","-4"
"141",9,"Albert Okwuegbunam",DEN,"TE17","9","3 out of 5 stars","+21"
"142",9,"George Pickens",PIT,"WR59","9","4 out of 5 stars","+2"
"143",9,"Tyler Allgeier",ATL,"RB50","14","1 out of 5 stars","+38"
"144",9,"Michael Gallup",DAL,"WR60","9","3 out of 5 stars","+8"
"145",9,"Trevor Lawrence",JAC,"QB18","11","5 out of 5 stars","+2"
"146",9,"Raheem Mostert",MIA,"RB51","11","4 out of 5 stars","-7"
"147",9,"Julio Jones",TB,"WR61","11","4 out of 5 stars","+18"
"148",9,"David Njoku",CLE,"TE18","9","4 out of 5 stars","+11"
"149",9,"Jahan Dotson",WAS,"WR62","14","4 out of 5 stars","+23"
"150",9,"Rachaad White",TB,"RB52","11","2 out of 5 stars","+44"
"151",9,"Gerald Everett",LAC,"TE19","8","4 out of 5 stars","+31"
"152",9,"Tyler Higbee",LAR,"TE20","7","3 out of 5 stars","+27"
"153",9,"Robert Tonyan",GB,"TE21","14","1 out of 5 stars","+21"
"154",9,"Brian Robinson Jr.",WAS,"RB53","14","4 out of 5 stars","+33"
"155",9,"Jameis Winston",NO,"QB19","14","3 out of 5 stars","+20"
"156",9,"Evan Engram",JAC,"TE22","11","4 out of 5 stars","+21"
"157",10,"Matt Ryan",IND,"QB20","14","3 out of 5 stars","+9"
"158",10,"Buffalo Bills",BUF,"DST1","7","4 out of 5 stars","-57"
"159",10,"Tampa Bay Buccaneers",TB,"DST2","11","4 out of 5 stars","-42"
"160",10,"Nico Collins",HOU,"WR63","6","3 out of 5 stars","+62"
"161",10,"Corey Davis",NYJ,"WR64","10","1 out of 5 stars","+47"
"162",10,"Austin Hooper",TEN,"TE23","6","5 out of 5 stars","+38"
"163",10,"Robbie Anderson",CAR,"WR65","13","3 out of 5 stars","+29"
"164",10,"Marlon Mack",HOU,"RB54","6","3 out of 5 stars","-1"
"165",10,"San Francisco 49ers",SF,"DST3","9","4 out of 5 stars","-34"
"166",10,"Darrel Williams",ARI,"RB55","13","2 out of 5 stars","+44"
"167",10,"Mark Ingram II",NO,"RB56","14","3 out of 5 stars","+16"
"168",10,"Gus Edwards",BAL,"RB57","10","4 out of 5 stars","+64"
"169",10,"Mecole Hardman",KC,"WR66","8","2 out of 5 stars","-18"
"170",10,"Indianapolis Colts",IND,"DST4","14","3 out of 5 stars","-40"
"171",10,"Van Jefferson",LAR,"WR67","7","2 out of 5 stars","+22"
"172",10,"Joshua Palmer",LAC,"WR68","8","3 out of 5 stars","+24"
"173",10,"Ryan Tannehill",TEN,"QB21","6","4 out of 5 stars","-6"
"174",10,"Ronald Jones II",KC,"RB58","8","3 out of 5 stars","-25"
"175",10,"Sony Michel",MIA,"RB59","11","4 out of 5 stars","+63"
"176",10,"Justin Tucker",BAL,"K1","10","3 out of 5 stars","-71"
"177",10,"Jameson Williams",DET,"WR69","6","3 out of 5 stars","+7"
"178",10,"Marvin Jones Jr.",JAC,"WR70","11","4 out of 5 stars","+19"
"179",10,"K.J. Osborn",MIN,"WR71","7","2 out of 5 stars","+40"
"180",10,"New Orleans Saints",NO,"DST5","14","3 out of 5 stars","-57"
"181",10,"Logan Thomas",WAS,"TE24","14","4 out of 5 stars","+54"
"182",10,"D'Onta Foreman",CAR,"RB60","13","3 out of 5 stars","+34"
"183",10,"Denver Broncos",DEN,"DST6","9","3 out of 5 stars","-7"
"184",10,"Mac Jones",NE,"QB22","10","4 out of 5 stars","-11"
"185",10,"New England Patriots",NE,"DST7","10","3 out of 5 stars","-35"
"186",10,"Tyler Bass",BUF,"K2","7","4 out of 5 stars","-44"
"187",10,"Daniel Jones",NYG,"QB23","9","5 out of 5 stars","+36"
"188",10,"Hayden Hurst",CIN,"TE25","10","2 out of 5 stars","+21"
"189",10,"Los Angeles Rams",LAR,"DST8","7","3 out of 5 stars","-52"
"190",10,"Christian Watson",GB,"WR72","14","3 out of 5 stars","-19"
"191",10,"Matt Gay",LAR,"K3","7","2 out of 5 stars","-53"
"192",10,"Zamir White",LV,"RB61","6","2 out of 5 stars","+37"
"193",10,"Parris Campbell",IND,"WR73","14","4 out of 5 stars","+62"
"194",10,"Jamison Crowder",BUF,"WR74","7","4 out of 5 stars","+43"
"195",10,"Jalen Tolbert",DAL,"WR75","9","3 out of 5 stars","-7"
"196",10,"Wan'Dale Robinson",NYG,"WR76","9","4 out of 5 stars","+49"
"197",11,"KJ Hamler",DEN,"WR77","9","4 out of 5 stars","+67"
"198",11,"Dallas Cowboys",DAL,"DST9","9","2 out of 5 stars","-76"
"199",11,"Los Angeles Chargers",LAC,"DST10","8","4 out of 5 stars","-46"
"200",11,"Curtis Samuel",WAS,"WR78","14","4 out of 5 stars","+53"
"201",11,"Daniel Carlson",LV,"K4","6","2 out of 5 stars","-74"
"202",11,"Kendrick Bourne",NE,"WR79","10","4 out of 5 stars","+44"
"203",11,"Evan McPherson",CIN,"K5","10","0 out of 5 stars","-78"
"204",11,"Carson Wentz",WAS,"QB24","14","4 out of 5 stars","-1"
"205",11,"Donovan Peoples-Jones",CLE,"WR80","9","4 out of 5 stars","+38"
"206",11,"Green Bay Packers",GB,"DST11","14","3 out of 5 stars","-38"
"207",11,"Miami Dolphins",MIA,"DST12","11","3 out of 5 stars","-29"
"208",11,"Kenyan Drake",LV,"RB62","6","2 out of 5 stars","-10"
"209",11,"Zach Wilson",NYJ,"QB25","10","1 out of 5 stars","+27"
"210",11,"Kansas City Chiefs",KC,"DST13","8","3 out of 5 stars","+5"
"211",11,"Sterling Shepard",NYG,"WR81","9","4 out of 5 stars","+123"
"212",11,"David Bell",CLE,"WR82","9","4 out of 5 stars","+42"
"213",11,"Jared Goff",DET,"QB26","6","3 out of 5 stars","-1"
"214",11,"Isiah Pacheco",KC,"RB63","8","3 out of 5 stars","0"
"215",11,"A.J. Green",ARI,"WR83","13","2 out of 5 stars","+24"
"216",11,"Ryan Succop",TB,"K6","11","1 out of 5 stars","-21"
"217",11,"Harrison Butker",KC,"K7","8","5 out of 5 stars","-91"
"218",11,"Brevin Jordan",HOU,"TE26","6","3 out of 5 stars","+60"
"219",11,"Isaiah McKenzie",BUF,"WR84","7","4 out of 5 stars","+12"
"220",11,"Cleveland Browns",CLE,"DST14","9","4 out of 5 stars","-18"
"221",11,"Samaje Perine",CIN,"RB64","10","3 out of 5 stars","+63"
"222",11,"Matt Prater",ARI,"K8","13","2 out of 5 stars","-64"
"223",11,"Laviska Shenault Jr.",JAC,"WR85","11","4 out of 5 stars","+53"
"224",11,"Chuba Hubbard",CAR,"RB65","13","3 out of 5 stars","-20"
"225",11,"Boston Scott",PHI,"RB66","7","3 out of 5 stars","+45"
"226",11,"Alec Pierce",IND,"WR86","14","4 out of 5 stars","-6"
"227",11,"Baltimore Ravens",BAL,"DST15","10","4 out of 5 stars","-57"
"228",11,"Philadelphia Eagles",PHI,"DST16","7","2 out of 5 stars","-17"
"229",11,"Damien Williams",ATL,"RB67","14","1 out of 5 stars","+38"
"230",11,"Younghoe Koo",ATL,"K9","14","1 out of 5 stars","-40"
"231",11,"Pittsburgh Steelers",PIT,"DST17","9","5 out of 5 stars","-46"
"232",11,"Jonnu Smith",NE,"TE27","10","4 out of 5 stars","+71"
"233",11,"Jason Sanders",MIA,"K10","11","1 out of 5 stars","+56"
"234",11,"Rodrigo Blankenship",IND,"K11","14","4 out of 5 stars","-28"
"235",11,"Baker Mayfield",CAR,"QB27","13","3 out of 5 stars","-36"
"236",11,"Terrace Marshall Jr.",CAR,"WR87","13","3 out of 5 stars","+69"
"237",11,"Tyrion Davis-Price",SF,"RB68","9","2 out of 5 stars","-7"
"238",11,"Trey Sermon",SF,"RB69","9","2 out of 5 stars","+31"
"239",11,"Jerick McKinnon",KC,"RB70","8","3 out of 5 stars","+9"
"240",11,"Romeo Doubs",GB,"WR88","14","3 out of 5 stars","-51"
"241",11,"Davis Mills",HOU,"QB28","6","4 out of 5 stars","-1"
"242",11,"D'Ernest Johnson",CLE,"RB71","9","3 out of 5 stars","+19"
"243",11,"Nick Folk",NE,"K12","10","5 out of 5 stars","-57"
"244",11,"Brandon McManus",DEN,"K13","9","4 out of 5 stars","-53"
"245",11,"Zay Jones",JAC,"WR89","11","4 out of 5 stars","+43"
"246",11,"Byron Pringle",CHI,"WR90","14","3 out of 5 stars","+56"
"247",11,"Braxton Berrios",NYJ,"WR91","10","1 out of 5 stars","+53"
"248",12,"Arizona Cardinals",ARI,"DST18","13","3 out of 5 stars","+29"
"249",12,"Jeff Wilson Jr.",SF,"RB72","9","2 out of 5 stars","+14"
"250",12,"Adam Trautman",NO,"TE28","14","4 out of 5 stars","+82"
"251",12,"Mo Alie-Cox",IND,"TE29","14","2 out of 5 stars","+44"
"252",12,"Robbie Gould",SF,"K14","9","3 out of 5 stars","-39"
"253",12,"Bryan Edwards",ATL,"WR92","14","4 out of 5 stars","+75"
"254",12,"Cincinnati Bengals",CIN,"DST19","10","4 out of 5 stars","-33"
"255",12,"Mike Davis",BAL,"RB73","10","4 out of 5 stars","+10"
"256",12,"Jake Elliott",PHI,"K15","7","2 out of 5 stars","-14"
"257",12,"Rex Burkhead",HOU,"RB74","6","3 out of 5 stars","+40"
"258",12,"Dustin Hopkins",LAC,"K16","8","5 out of 5 stars","-40"
"259",12,"Randall Cobb",GB,"WR93","14","3 out of 5 stars","+24"
"260",12,"Myles Gaskin",MIA,"RB75","11","4 out of 5 stars","-34"
"261",12,"Tennessee Titans",TEN,"DST20","6","2 out of 5 stars","-44"
"262",12,"Zack Moss",BUF,"RB76","7","4 out of 5 stars","+28"
"263",12,"Sammy Watkins",GB,"WR94","14","3 out of 5 stars","-56"
"264",12,"Carolina Panthers",CAR,"DST21","13","4 out of 5 stars","-8"
"265",12,"Greg Zuerlein",NYJ,"K17","10","0 out of 5 stars","+46"
"266",12,"Minnesota Vikings",MIN,"DST22","7","2 out of 5 stars","-33"
"267",12,"Dan Arnold",JAC,"TE30","11","4 out of 5 stars","+134"
"268",12,"C.J. Uzomah",NYJ,"TE31","10","3 out of 5 stars","-16"
"269",12,"Deshaun Watson",CLE,"QB29","9","4 out of 5 stars","-100"
"270",12,"Wil Lutz",NO,"K18","14","4 out of 5 stars","-69"
"271",12,"Chris Boswell",PIT,"K19","9","3 out of 5 stars","-37"
"272",12,"Cedrick Wilson Jr.",MIA,"WR95","11","2 out of 5 stars","+27"
"273",12,"Marcus Mariota",ATL,"QB30","14","3 out of 5 stars","0"
"274",12,"William Fuller V",FA,"WR96","-","-","+6"
"275",12,"Marquez Callaway",NO,"WR97","14","4 out of 5 stars","+18"
"276",12,"Cameron Brate",TB,"TE32","11","3 out of 5 stars","-49"
"277",12,"Odell Beckham Jr.",FA,"WR98","-","-","-72"
"278",12,"Chicago Bears",CHI,"DST23","14","1 out of 5 stars","+18"
"279",12,"Nelson Agholor",NE,"WR99","10","4 out of 5 stars","+54"
"280",12,"Mason Crosby",GB,"K20","14","4 out of 5 stars","-21"
"281",12,"Eno Benjamin",ARI,"RB77","13","2 out of 5 stars","-6"
"282",12,"Matt Breida",NYG,"RB78","9","3 out of 5 stars","-1"
"283",12,"Washington Commanders",WAS,"DST24","14","1 out of 5 stars","-39"
"284",12,"Chris Evans",CIN,"RB79","10","3 out of 5 stars","-26"
"285",12,"Graham Gano",NYG,"K21","9","1 out of 5 stars","-34"
"286",12,"Jason Myers",SEA,"K22","11","5 out of 5 stars","+20"
"287",12,"Mitch Trubisky",PIT,"QB31","9","3 out of 5 stars","-30"
"288",12,"Greg Joseph",MIN,"K23","7","0 out of 5 stars","-64"
"289",12,"Trey McBride",ARI,"TE33","13","3 out of 5 stars","+18"
"290",12,"Hassan Haskins",TEN,"RB80","6","4 out of 5 stars","-41"
"291",12,"Tre'Quan Smith",NO,"WR100","14","4 out of 5 stars","+111"
"292",12,"O.J. Howard",BUF,"TE34","7","3 out of 5 stars","+60"
"293",12,"New York Giants",NYG,"DST25","9","2 out of 5 stars","-33"
"294",12,"Randy Bullock",TEN,"K24","6","3 out of 5 stars","-7"
"295",12,"Cairo Santos",CHI,"K25","14","3 out of 5 stars","+9"
"296",12,"Seattle Seahawks",SEA,"DST26","11","3 out of 5 stars","-5"
"297",12,"Kyle Rudolph",TB,"TE35","11","3 out of 5 stars","-56"
"298",12,"Josh Reynolds",DET,"WR101","6","3 out of 5 stars","+72"
"299",13,"Quez Watkins",PHI,"WR102","7","4 out of 5 stars","-1"
"300",13,"New York Jets",NYJ,"DST27","10","4 out of 5 stars","-18"
"301",13,"Darius Slayton",NYG,"WR103","9","4 out of 5 stars","+119"
"302",13,"Ka'imi Fairbairn",HOU,"K26","6","4 out of 5 stars","+41"
"303",13,"Ty Johnson",NYJ,"RB81","10","4 out of 5 stars","+109"
"304",13,"Ke'Shawn Vaughn",TB,"RB82","11","2 out of 5 stars","-12"
"305",13,"Phillip Lindsay",IND,"RB83","14","3 out of 5 stars","+10"
"306",13,"Giovani Bernard",TB,"RB84","11","2 out of 5 stars","+98"
"307",13,"Jalen Reagor",PHI,"WR104","7","4 out of 5 stars","-"
"308",13,"Joshua Kelley",LAC,"RB85","8","2 out of 5 stars","+5"
"309",13,"Kyren Williams",LAR,"RB86","7","2 out of 5 stars","+11"
"310",13,"Jacksonville Jaguars",JAC,"DST28","11","2 out of 5 stars","+34"
"311",13,"Pierre Strong Jr.",NE,"RB87","10","4 out of 5 stars","+35"
"312",13,"Velus Jones Jr.",CHI,"WR105","14","3 out of 5 stars","+35"
"313",13,"Dyami Brown",WAS,"WR106","14","4 out of 5 stars","-"
"314",13,"Greg Dulcich",DEN,"TE36","9","3 out of 5 stars","+80"
"315",13,"Quintez Cephus",DET,"WR107","6","3 out of 5 stars","+44"
"316",13,"Devin Duvernay",BAL,"WR108","10","3 out of 5 stars","-37"
"317",13,"Darrynton Evans",CHI,"RB88","14","5 out of 5 stars","-"
"318",13,"Emmanuel Sanders",FA,"WR109","-","-","+68"
"319",13,"Drew Lock",SEA,"QB32","11","3 out of 5 stars","+16"
"320",13,"Kenny Pickett",PIT,"QB33","9","3 out of 5 stars","-92"
"321",13,"Daniel Bellinger",NYG,"TE37","9","4 out of 5 stars","-3"
"322",13,"Justin Jackson",DET,"RB89","6","4 out of 5 stars","-"
"323",13,"Nick Westbrook-Ikhine",TEN,"WR110","6","3 out of 5 stars","+3"
"324",13,"Salvon Ahmed",MIA,"RB90","11","4 out of 5 stars","-"
"325",13,"Tyler Conklin",NYJ,"TE38","10","3 out of 5 stars","-31"
"326",13,"Dontrell Hilliard",TEN,"RB91","6","4 out of 5 stars","-58"
"327",13,"Harrison Bryant",CLE,"TE39","9","4 out of 5 stars","+103"
"328",13,"Cole Beasley",FA,"WR111","-","-","+59"
"329",13,"Duke Johnson Jr.",BUF,"RB92","7","4 out of 5 stars","+40"
"330",13,"Tyler Badie",BAL,"RB93","10","4 out of 5 stars","-22"
"331",13,"Jimmy Garoppolo",SF,"QB34","9","3 out of 5 stars","-59"
"332",13,"Chase McLaughlin",FA,"K27","-","-","-"
"333",13,"Jacoby Brissett",CLE,"QB35","9","4 out of 5 stars","+21"
"334",13,"Tommy Tremble",CAR,"TE40","13","3 out of 5 stars","+56"
"335",13,"Kyle Philips",TEN,"WR112","6","3 out of 5 stars","+16"
"336",13,"Ricky Seals-Jones",NYG,"TE41","9","4 out of 5 stars","+27"
"337",13,"Jerome Ford",CLE,"RB94","9","3 out of 5 stars","-"
"338",13,"Tevin Coleman",NYJ,"RB95","10","4 out of 5 stars","+72"
"339",13,"Geno Smith",SEA,"QB36","11","3 out of 5 stars","-3"
"340",13,"Josh Lambo",FA,"K28","-","-","-"
"341",13,"Snoop Conner",JAC,"RB96","11","3 out of 5 stars","+30"
"342",13,"Tyquan Thornton",NE,"WR113","10","4 out of 5 stars","-25"
"343",13,"Anthony Firkser",ATL,"TE42","14","2 out of 5 stars","-"
"344",13,"Donald Parham Jr.",LAC,"TE43","8","4 out of 5 stars","+79"
"345",13,"Jared Cook",FA,"TE44","-","-","+61"
"346",13,"Jaret Patterson",WAS,"RB97","14","4 out of 5 stars","+54"
"347",14,"Jalen Guyton",LAC,"WR114","8","3 out of 5 stars","-20"
"348",14,"James Proche II",BAL,"WR115","10","3 out of 5 stars","+32"
"349",14,"Ameer Abdullah",LV,"RB98","6","2 out of 5 stars","-83"
"350",14,"Jelani Woods",IND,"TE45","14","2 out of 5 stars","-36"
"351",14,"David Johnson",FA,"RB99","-","-","+22"
"352",14,"Cade York",CLE,"K29","9","3 out of 5 stars","-105"
"353",14,"Amari Rodgers",GB,"WR116","14","3 out of 5 stars","-79"
"354",14,"T.Y. Hilton",FA,"WR117","-","-","+38"
"355",14,"Khalil Shakir",BUF,"WR118","7","4 out of 5 stars","+48"
"356",14,"Malcolm Brown",FA,"RB100","-","-","-"
"357",14,"Las Vegas Raiders",LV,"DST29","6","3 out of 5 stars","-107"
"358",14,"Ty Montgomery",NE,"RB101","10","4 out of 5 stars","-36"
"359",14,"Sam Darnold",CAR,"QB37","13","3 out of 5 stars","+49"
"360",14,"Desmond Ridder",ATL,"QB38","14","3 out of 5 stars","+4"
"361",14,"Keaontay Ingram",ARI,"RB102","13","2 out of 5 stars","-90"
"362",14,"Demarcus Robinson",BAL,"WR119","10","3 out of 5 stars","-7"
"363",14,"Calvin Austin III",PIT,"WR120","9","4 out of 5 stars","+4"
"364",14,"Atlanta Falcons",ATL,"DST30","14","5 out of 5 stars","-78"
"365",14,"Cade Otton",TB,"TE46","11","3 out of 5 stars","-5"
"366",14,"Jaylen Warren",PIT,"RB103","9","3 out of 5 stars","-50"
"367",14,"Detroit Lions",DET,"DST31","6","2 out of 5 stars","-105"
"368",14,"Danny Gray",SF,"WR121","9","3 out of 5 stars","+25"
"369",14,"Devontae Booker",FA,"RB104","-","-","+19"
"370",14,"Olamide Zaccheaus",ATL,"WR122","14","4 out of 5 stars","-60"
"371",14,"John Bates",WAS,"TE47","14","4 out of 5 stars","-"
"372",14,"Latavius Murray",FA,"RB105","-","-","+24"
"373",14,"Foster Moreau",LV,"TE48","6","2 out of 5 stars","-48"
"374",14,"James Washington",DAL,"WR123","9","3 out of 5 stars","-25"
"375",14,"Isaiah Likely",BAL,"TE49","10","2 out of 5 stars","+51"
"376",14,"DeeJay Dallas",SEA,"RB106","11","2 out of 5 stars","-11"
"377",14,"Laquon Treadwell",JAC,"WR124","11","4 out of 5 stars","-"
"378",14,"John Metchie III",HOU,"WR125","6","3 out of 5 stars","-47"
"379",14,"Devonta Freeman",FA,"RB107","-","-","+10"
"380",14,"Jauan Jennings",SF,"WR126","9","3 out of 5 stars","-24"
"381",14,"Anthony Schwartz",CLE,"WR127","9","4 out of 5 stars","-"
"382",14,"Joey Slye",WAS,"K30","14","4 out of 5 stars","-81"
"383",14,"Rashard Higgins",CAR,"WR128","13","3 out of 5 stars","-15"
"384",14,"Kylen Granson",IND,"TE50","14","2 out of 5 stars","-"
"385",14,"Jonathan Garibay",FA,"K31","-","-","-100"
"386",14,"Wayne Gallman Jr.",FA,"RB108","-","-","+11"
"387",14,"Tyler Johnson",TB,"WR129","11","4 out of 5 stars","-"
"388",14,"Kene Nwangwu",MIN,"RB109","7","4 out of 5 stars","+37"
"389",14,"Dee Eskridge",SEA,"WR130","11","4 out of 5 stars","-"
"390",14,"Chris Conley",HOU,"WR131","6","3 out of 5 stars","+41"
"391",14,"Noah Brown",DAL,"WR132","9","3 out of 5 stars","-"
"392",14,"Equanimeous St. Brown",CHI,"WR133","14","3 out of 5 stars","+26"
"393",14,"Houston Texans",HOU,"DST32","6","4 out of 5 stars","-40"
"394",14,"Josiah Deguara",GB,"TE51","14","1 out of 5 stars","-22"
"395",14,"Derrick Gore",KC,"RB110","8","3 out of 5 stars","-34"
"396",14,"Pharaoh Brown",HOU,"TE52","6","3 out of 5 stars","-"
"397",14,"Tutu Atwell",LAR,"WR134","7","2 out of 5 stars","+24"
"398",14,"Trestan Ebner",CHI,"RB111","14","5 out of 5 stars","-"
"399",14,"Deonte Harty",NO,"WR135","14","4 out of 5 stars","+14"
"400",14,"Tylan Wallace",BAL,"WR136","10","3 out of 5 stars","-"
"401",14,"Zane Gonzalez",CAR,"K32","13","4 out of 5 stars","-82"
"402",14,"Brett Maher",DAL,"K33","9","5 out of 5 stars","-"
"403",14,"Travis Homer",SEA,"RB112","11","2 out of 5 stars","-"
"404",14,"Benny Snell Jr.",PIT,"RB113","9","3 out of 5 stars","-80"
"405",14,"Antonio Brown",FA,"WR137","-","-","-30"
"406",14,"Ashton Dulin",IND,"WR138","14","4 out of 5 stars","-"
"407",14,"Tristan Vizcaino",NE,"K34","10","5 out of 5 stars","-"
"408",14,"Austin Seibert",DET,"K35","6","3 out of 5 stars","-87"
"409",14,"Eric Ebron",FA,"TE53","-","-","-"
"410",14,"Taysom Hill",NO,"QB39","14","3 out of 5 stars","-185"
"411",14,"Craig Reynolds",DET,"RB114","6","4 out of 5 stars","-"
"412",15,"Abram Smith",NO,"RB115","14","3 out of 5 stars","-89"
"413",15,"Ryan Santoso",JAC,"K36","11","4 out of 5 stars","-"
"414",15,"Teddy Bridgewater",MIA,"QB40","11","2 out of 5 stars","-66"
"415",15,"Keelan Cole Sr.",LV,"WR139","6","2 out of 5 stars","-"
"416",15,"Zach Pascal",PHI,"WR140","7","4 out of 5 stars","-25"
"417",15,"Kyle Juszczyk",SF,"RB116","9","2 out of 5 stars","-108"
"418",15,"Brandon Bolden",LV,"RB117","6","2 out of 5 stars","-88"
"419",15,"Anthony McFarland Jr.",PIT,"RB118","9","3 out of 5 stars","-10"
"420",15,"Juwan Johnson",NO,"TE54","14","4 out of 5 stars","-5"
"421",15,"Malik Willis",TEN,"QB41","6","4 out of 5 stars","-59"
"422",15,"Tony Jones Jr.",NO,"RB119","14","3 out of 5 stars","-81"
"423",15,"Jeremy Ruckert",NYJ,"TE55","10","3 out of 5 stars","-"
"424",15,"Riley Patterson",DET,"K37","6","3 out of 5 stars","-"
"425",15,"Will Dissly",SEA,"TE56","11","2 out of 5 stars","-"
"426",15,"Ihmir Smith-Marsette",MIN,"WR141","7","2 out of 5 stars","-"
"427",15,"JaMycal Hasty",SF,"RB120","9","2 out of 5 stars","-"
"428",15,"Tarik Cohen",FA,"RB121","-","-","-"
"429",15,"N'Keal Harry",CHI,"WR142","14","3 out of 5 stars","-50"
"430",15,"Ben Skowronek",LAR,"WR143","7","2 out of 5 stars","-"
"431",15,"Blake Jarwin",FA,"TE57","-","-","-"
"432",15,"Auden Tate",ATL,"WR144","14","4 out of 5 stars","-"
"433",15,"Mack Hollins",LV,"WR145","6","2 out of 5 stars","-"
"434",15,"Carlos Hyde",FA,"RB122","-","-","-"
"435",15,"Jamal Agnew",JAC,"WR146","11","4 out of 5 stars","-"
"436",15,"Chris Herndon IV",NO,"TE58","14","4 out of 5 stars","-"
"437",15,"Geoff Swaim",TEN,"TE59","6","5 out of 5 stars","-5"
"438",15,"Kevin Harris",NE,"RB123","10","4 out of 5 stars","-"
"439",15,"Antoine Wesley",ARI,"WR147","13","2 out of 5 stars","-"
"440",15,"Jake Ferguson",DAL,"TE60","9","3 out of 5 stars","-"
"441",15,"Tyler Huntley",BAL,"QB42","10","2 out of 5 stars","-129"
"442",15,"Phillip Dorsett II",HOU,"WR148","6","3 out of 5 stars","-"
"443",15,"Jordan Howard",FA,"RB124","-","-","-48"
"444",15,"Freddie Swain",SEA,"WR149","11","4 out of 5 stars","-11"
"445",15,"Denzel Mims",NYJ,"WR150","10","1 out of 5 stars","-"
"446",15,"Dare Ogunbowale",HOU,"RB125","6","3 out of 5 stars","-"
"447",15,"Kalif Raymond",DET,"WR151","6","3 out of 5 stars","-40"
"448",15,"Demetric Felton Jr.",CLE,"RB126","9","3 out of 5 stars","-"
"449",15,"Qadree Ollison",ATL,"RB127","14","1 out of 5 stars","-27"
"450",15,"Justin Watson",KC,"WR152","8","2 out of 5 stars","-"
"451",15,"Jordan Akins",NYG,"TE61","9","4 out of 5 stars","-"
"452",15,"Quinn Nordin",FA,"K38","-","-","-"
"453",15,"Le'Veon Bell",FA,"RB128","-","-","-"
"454",15,"Ty Chandler",MIN,"RB129","7","4 out of 5 stars","-"
"455",15,"Tyrell Williams",FA,"WR153","-","-","-"
"456",15,"Carlos Martinez",DAL,"K39","9","5 out of 5 stars","-"
"457",15,"Kylin Hill",GB,"RB130","14","3 out of 5 stars","-"
"458",15,"Ian Thomas",CAR,"TE62","13","3 out of 5 stars","-"
"459",15,"DeSean Jackson",FA,"WR154","-","-","-"
"460",15,"Ryquell Armstead",JAC,"RB131","11","3 out of 5 stars","-"
"461",15,"Jeremy McNichols",PIT,"RB132","9","3 out of 5 stars","-"
"462",15,"Breshad Perriman",TB,"WR155","11","4 out of 5 stars","-51"
"463",15,"Chigoziem Okonkwo",TEN,"TE63","6","5 out of 5 stars","-"
"464",15,"Lirim Hajrullahu",DAL,"K40","9","5 out of 5 stars","-45"
"465",15,"Jacob Harris",LAR,"TE64","7","3 out of 5 stars","-"
"466",15,"Jashaun Corbin",NYG,"RB133","9","3 out of 5 stars","-"
"467",15,"Montrell Washington",DEN,"WR156","9","4 out of 5 stars","-"
"468",15,"Justyn Ross",KC,"WR157","8","2 out of 5 stars","-139"
"469",15,"James O'Shaughnessy",CHI,"TE65","14","5 out of 5 stars","-"
"470",15,"Simi Fehoko",DAL,"WR158","9","3 out of 5 stars","-"
"471",15,"Dez Fitzpatrick",TEN,"WR159","6","3 out of 5 stars","-"
"472",15,"Justice Hill",BAL,"RB134","10","4 out of 5 stars","-"
"473",15,"Patrick Ricard",BAL,"RB135","10","4 out of 5 stars","-"
"474",15,"Gardner Minshew II",PHI,"QB43","7","4 out of 5 stars","-"
"475",15,"Ryan Griffin",CHI,"TE66","14","5 out of 5 stars","-"
"476",15,"Durham Smythe",MIA,"TE67","11","3 out of 5 stars","-"
"477",15,"Tajae Sharpe",CHI,"WR160","14","3 out of 5 stars","-"
"478",15,"Jimmy Graham",FA,"TE68","-","-","-"
"479",15,"Chris Moore",HOU,"WR161","6","3 out of 5 stars","-"
"480",15,"Noah Gray",KC,"TE69","8","3 out of 5 stars","-"
"481",15,"Royce Freeman",HOU,"RB136","6","3 out of 5 stars","-"
"482",15,"Mike Boone",DEN,"RB137","9","3 out of 5 stars","-"
"483",15,"Larry Rountree III",LAC,"RB138","8","2 out of 5 stars","-"
"484",15,"Bo Melton",SEA,"WR162","11","4 out of 5 stars","-"
"485",15,"Blake Bell",KC,"TE70","8","3 out of 5 stars","-135"
"486",15,"Maxx Williams",ARI,"TE71","13","3 out of 5 stars","-"
"487",16,"Joe Flacco",NYJ,"QB44","10","1 out of 5 stars","-58"
"488",16,"Charlie Kolar",BAL,"TE72","10","2 out of 5 stars","-"
"489",16,"Godwin Igwebuike",DET,"RB139","6","4 out of 5 stars","-"
"490",16,"Jalen Wydermyer",NE,"TE73","10","4 out of 5 stars","-"
"491",16,"Nick Vannett",NO,"TE74","14","4 out of 5 stars","-"
"492",16,"Kennedy Brooks",PHI,"RB140","7","3 out of 5 stars","-"
"493",16,"Rico Dowdle",DAL,"RB141","9","4 out of 5 stars","-"
"494",16,"Ray-Ray McCloud",SF,"WR163","9","3 out of 5 stars","-"
"495",16,"Tyler Kroft",SF,"TE75","9","4 out of 5 stars","-"
"496",16,"Marcedes Lewis",GB,"TE76","14","1 out of 5 stars","-139"
"497",16,"Drew Sample",CIN,"TE77","10","2 out of 5 stars","-"
"498",16,"Hunter Long",MIA,"TE78","11","3 out of 5 stars","-"
"499",16,"Andrew Jacas",SF,"K41","9","3 out of 5 stars","-"
"500",16,"Dazz Newsome",CHI,"WR164","14","3 out of 5 stars","-"
"501",16,"C.J. Ham",MIN,"RB142","7","4 out of 5 stars","-"
"502",16,"Greg Dortch",ARI,"WR165","13","2 out of 5 stars","-"
"503",16,"Zach Gentry",PIT,"TE79","9","4 out of 5 stars","-"
"504",16,"Ross Dwelley",SF,"TE80","9","4 out of 5 stars","-"
"505",16,"Gary Brightwell",NYG,"RB143","9","3 out of 5 stars","-"
"506",16,"Jordan Mason",SF,"RB144","9","2 out of 5 stars","-"
"507",16,"Julius Chestnut",TEN,"RB145","6","4 out of 5 stars","-"
"508",16,"Tyler Goodson",GB,"RB146","14","3 out of 5 stars","-"
"509",16,"Collin Johnson",NYG,"WR166","9","4 out of 5 stars","-"
"510",16,"Preston Williams",MIA,"WR167","11","2 out of 5 stars","-"
"511",16,"Tre' McKitty",LAC,"TE81","8","4 out of 5 stars","-"
"512",16,"Nick Boyle",BAL,"TE82","10","2 out of 5 stars","-"
"513",16,"Jacob Hollister",LV,"TE83","6","2 out of 5 stars","-"
"514",16,"Mike Thomas",CIN,"WR168","10","3 out of 5 stars","-"
"515",16,"Jermar Jefferson",DET,"RB147","6","4 out of 5 stars","-"
"516",16,"Jerrion Ealy",KC,"RB148","8","3 out of 5 stars","-142"
"517",16,"Scotty Miller",TB,"WR169","11","4 out of 5 stars","-"
"518",16,"Tyler Davis",GB,"TE84","14","1 out of 5 stars","-"
"519",16,"DeAndre Carter",LAC,"WR170","8","3 out of 5 stars","-"
"520",16,"Chester Rogers",HOU,"WR171","6","3 out of 5 stars","-"
"521",16,"Marquise Goodwin",SEA,"WR172","11","4 out of 5 stars","-136"
"522",16,"Trayveon Williams",CIN,"RB149","10","3 out of 5 stars","-"
"523",16,"Miles Boykin",PIT,"WR173","9","4 out of 5 stars","-"
"524",16,"Tyron Johnson",LV,"WR174","6","2 out of 5 stars","-"
"525",16,"Trent Sherfield",MIA,"WR175","11","2 out of 5 stars","-"
"526",16,"Alec Ingold",MIA,"RB150","11","4 out of 5 stars","-"
"527",16,"J.J. Taylor",NE,"RB151","10","4 out of 5 stars","-169"
"528",16,"Sincere McCormick",LV,"RB152","6","2 out of 5 stars","-"
"529",16,"Damiere Byrd",ATL,"WR176","14","4 out of 5 stars","-"
"530",16,"Travis Fulgham",GB,"WR177","14","3 out of 5 stars","-"
"531",16,"Cyril Grayson Jr.",TB,"WR178","11","4 out of 5 stars","-"
"532",16,"Johnny Mundt",MIN,"TE85","7","3 out of 5 stars","-"
"533",16,"Colby Parkinson",SEA,"TE86","11","2 out of 5 stars","-193"
"534",16,"Brock Wright",DET,"TE87","6","4 out of 5 stars","-"
"535",16,"Bisi Johnson",MIN,"WR179","7","2 out of 5 stars","-"
"536",16,"Keith Smith",ATL,"RB153","14","1 out of 5 stars","-"
"537",16,"Adrian Peterson",FA,"RB154","-","-","-"
"538",16,"Jakob Johnson",LV,"RB155","6","2 out of 5 stars","-"
"539",16,"Cole Turner",WAS,"TE88","14","4 out of 5 stars","-112"
"540",16,"Dezmon Patmon",IND,"WR180","14","4 out of 5 stars","-"